name,price,url
Торшер Билли Black,20680.0,/ekaterinburg/product/torsher-billi-black
Подвесной светильник Бабл-9,17840.0,/ekaterinburg/product/podvesnoj-svetilnik-babl-9
Торшер Бабл-1,6290.0,/ekaterinburg/product/torsher-babl-1
Подвесной светильник Бабл-3,6290.0,/ekaterinburg/product/podvesnoj-svetilnik-babl-3
Бра Бабл Black,1880.0,/ekaterinburg/product/bra-babl-black
Настольная лампа Дэнди Black,3140.0,/ekaterinburg/product/nastolnaya-lampa-dendi-black
Настольная лампа Дэнди White,3140.0,/ekaterinburg/product/nastolnaya-lampa-dendi-white
Торшер Варио White,4190.0,/ekaterinburg/product/torsher-vario-white
Бра Варио Black,1570.0,/ekaterinburg/product/bra-vario-black
Бра Варио White,1570.0,/ekaterinburg/product/bra-vario-white
Подвесной светильник Сансет White,6290.0,/ekaterinburg/product/podvesnoj-svetilnik-sanset-white
Подвесной светильник Кэндел Black,4190.0,/ekaterinburg/product/podvesnoj-svetilnik-kendel-black
Подвесной светильник Кэндел White,4190.0,/ekaterinburg/product/podvesnoj-svetilnik-kendel-white
Торшер Осло Black,18890.0,/ekaterinburg/product/torsher-oslo-black
Настольная лампа Гровер Glass,5240.0,/ekaterinburg/product/nastolnaya-lampa-grover-glass
Настольная лампа Рэй Black,3770.0,/ekaterinburg/product/nastolnaya-lampa-rej-black
Торшер Рэй White,5870.0,/ekaterinburg/product/torsher-rej-white
Торшер Мун Black,9440.0,/ekaterinburg/product/torsher-mun-black
Торшер Варио Black,6290.0,/ekaterinburg/product/torsher-vario-black
Настольная лампа Раффи Round,7550.0,/ekaterinburg/product/nastolnaya-lampa-raffi-round
Торшер Гросс White,6290.0,/ekaterinburg/product/torsher-gross-white
Бра Moderli Alina,3350.0,/ekaterinburg/product/bra-moderli-alina
Подвесной светильник Маро Green,10490.0,/ekaterinburg/product/podvesnoj-svetilnik-maro-green
Настольная лампа Машрум Grey,4820.0,/ekaterinburg/product/nastolnaya-lampa-mashrum-grey
Настольная лампа Рэй White,2720.0,/ekaterinburg/product/nastolnaya-lampa-rej-white
Светильник потолочный Matthew,5980.0,/ekaterinburg/product/svetilnik-potolochnyj-matthew
Настольная лампа Junior-4,3460.0,/ekaterinburg/product/nastolnaya-lampa-junior-4
Настольная лампа Сфера Black,4190.0,/ekaterinburg/product/nastolnaya-lampa-sfera-black
Люстра Монти-3 White,12070.0,/ekaterinburg/product/lyustra-monti-3-white
Настольная лампа Junior-2,3350.0,/ekaterinburg/product/nastolnaya-lampa-junior-2
Бра Galdakao-1,6920.0,/ekaterinburg/product/bra-galdakao
Подвесной светильник Tureis,4090.0,/ekaterinburg/product/podvesnoj-svetilnik-tureis
Люстра Монти-5 White,18050.0,/ekaterinburg/product/lyustra-monti-5-white
Подвесной светильник Лиму-3 Black,5870.0,/ekaterinburg/product/podvesnoj-svetilnik-limu-3-black
Торшер Билли White,20680.0,/ekaterinburg/product/torsher-billi-white
Бра Cornus Silver,5870.0,/ekaterinburg/product/bra-cornus-silver
Спот Олден Brown,1150.0,/ekaterinburg/product/spot-olden-brown
Бра Куб White,2300.0,/ekaterinburg/product/bra-kub-white
Подвесной светильник Volare,4820.0,/ekaterinburg/product/podvesnoj-svetilnik-volare
Ландшафтный светильник Визор Black,4720.0,/ekaterinburg/product/landshaftnyj-svetilnik-vizor-black
Бра Bolla-Unica,5560.0,/ekaterinburg/product/bra-bolla-unica
Люстра Леон-5 Black,11860.0,/ekaterinburg/product/lyustra-leon-5-black
Настольная лампа Мист Black,5870.0,/ekaterinburg/product/nastolnaya-lampa-mist-black
Настольная лампа Palla Grey,14270.0,/ekaterinburg/product/nastolnaya-lampa-palla-grey
Подвесной светильник Фаро-3 White,6820.0,/ekaterinburg/product/podvesnoj-svetilnik-faro-3-white
Люстра Нейва-4 Black,7130.0,/ekaterinburg/product/lyustra-nejva-4-black
Люстра Альби-6 Black,4930.0,/ekaterinburg/product/lyustra-albi-6-black
Подвесной светильник Сансет Black,6290.0,/ekaterinburg/product/podvesnoj-svetilnik-sanset-black
Торшер Билли Black,20680.0,/ekaterinburg/product/torsher-billi-black
Подвесной светильник Бабл-9,17840.0,/ekaterinburg/product/podvesnoj-svetilnik-babl-9
Торшер Бабл-1,6290.0,/ekaterinburg/product/torsher-babl-1
Подвесной светильник Бабл-3,6290.0,/ekaterinburg/product/podvesnoj-svetilnik-babl-3
Бра Бабл Black,1880.0,/ekaterinburg/product/bra-babl-black
Настольная лампа Дэнди Black,3140.0,/ekaterinburg/product/nastolnaya-lampa-dendi-black
Настольная лампа Дэнди White,3140.0,/ekaterinburg/product/nastolnaya-lampa-dendi-white
Торшер Варио White,4190.0,/ekaterinburg/product/torsher-vario-white
Бра Варио Black,1570.0,/ekaterinburg/product/bra-vario-black
Бра Варио White,1570.0,/ekaterinburg/product/bra-vario-white
Подвесной светильник Сансет White,6290.0,/ekaterinburg/product/podvesnoj-svetilnik-sanset-white
Подвесной светильник Кэндел Black,4190.0,/ekaterinburg/product/podvesnoj-svetilnik-kendel-black
Подвесной светильник Кэндел White,4190.0,/ekaterinburg/product/podvesnoj-svetilnik-kendel-white
Торшер Осло Black,18890.0,/ekaterinburg/product/torsher-oslo-black
Настольная лампа Гровер Glass,5240.0,/ekaterinburg/product/nastolnaya-lampa-grover-glass
Настольная лампа Рэй Black,3770.0,/ekaterinburg/product/nastolnaya-lampa-rej-black
Торшер Рэй White,5870.0,/ekaterinburg/product/torsher-rej-white
Торшер Мун Black,9440.0,/ekaterinburg/product/torsher-mun-black
Торшер Варио Black,6290.0,/ekaterinburg/product/torsher-vario-black
Настольная лампа Раффи Round,7550.0,/ekaterinburg/product/nastolnaya-lampa-raffi-round
Торшер Гросс White,6290.0,/ekaterinburg/product/torsher-gross-white
Бра Moderli Alina,3350.0,/ekaterinburg/product/bra-moderli-alina
Подвесной светильник Маро Green,10490.0,/ekaterinburg/product/podvesnoj-svetilnik-maro-green
Настольная лампа Машрум Grey,4820.0,/ekaterinburg/product/nastolnaya-lampa-mashrum-grey
Настольная лампа Рэй White,2720.0,/ekaterinburg/product/nastolnaya-lampa-rej-white
Светильник потолочный Matthew,5980.0,/ekaterinburg/product/svetilnik-potolochnyj-matthew
Настольная лампа Junior-4,3460.0,/ekaterinburg/product/nastolnaya-lampa-junior-4
Настольная лампа Сфера Black,4190.0,/ekaterinburg/product/nastolnaya-lampa-sfera-black
Люстра Монти-3 White,12070.0,/ekaterinburg/product/lyustra-monti-3-white
Настольная лампа Junior-2,3350.0,/ekaterinburg/product/nastolnaya-lampa-junior-2
Бра Galdakao-1,6920.0,/ekaterinburg/product/bra-galdakao
Подвесной светильник Tureis,4090.0,/ekaterinburg/product/podvesnoj-svetilnik-tureis
Люстра Монти-5 White,18050.0,/ekaterinburg/product/lyustra-monti-5-white
Подвесной светильник Лиму-3 Black,5870.0,/ekaterinburg/product/podvesnoj-svetilnik-limu-3-black
Торшер Билли White,20680.0,/ekaterinburg/product/torsher-billi-white
Бра Cornus Silver,5870.0,/ekaterinburg/product/bra-cornus-silver
Спот Олден Brown,1150.0,/ekaterinburg/product/spot-olden-brown
Бра Куб White,2300.0,/ekaterinburg/product/bra-kub-white
Подвесной светильник Volare,4820.0,/ekaterinburg/product/podvesnoj-svetilnik-volare
Ландшафтный светильник Визор Black,4720.0,/ekaterinburg/product/landshaftnyj-svetilnik-vizor-black
Бра Bolla-Unica,5560.0,/ekaterinburg/product/bra-bolla-unica
Люстра Леон-5 Black,11860.0,/ekaterinburg/product/lyustra-leon-5-black
Настольная лампа Мист Black,5870.0,/ekaterinburg/product/nastolnaya-lampa-mist-black
Настольная лампа Palla Grey,14270.0,/ekaterinburg/product/nastolnaya-lampa-palla-grey
Подвесной светильник Фаро-3 White,6820.0,/ekaterinburg/product/podvesnoj-svetilnik-faro-3-white
Люстра Нейва-4 Black,7130.0,/ekaterinburg/product/lyustra-nejva-4-black
Люстра Альби-6 Black,4930.0,/ekaterinburg/product/lyustra-albi-6-black
Подвесной светильник Ройл Black,7130.0,/ekaterinburg/product/podvesnoj-svetilnik-rojl-black
Светильник потолочный Лима-1 Black,2790.0,/ekaterinburg/product/svetilnik-potolochnyj-lima-1-black
Подвесной светильник Priddy,10390.0,/ekaterinburg/product/podvesnoj-svetilnik-priddy
Торшер Moderli Birds-1,16270.0,/ekaterinburg/product/torsher-moderli-birds-1
Ландшафтный светильник Техно-2 Black,6290.0,/ekaterinburg/product/landshaftnyj-svetilnik-tehno-2-black
Настольная лампа Алсагер Grey Felt,7130.0,/ekaterinburg/product/nastolnaya-lampa-alsager-grey-felt
Люстра Альби-5 Black,6820.0,/ekaterinburg/product/lyustra-albi-5-black
Бра Твинки Black,3560.0,/ekaterinburg/product/bra-tvinki-black
Торшер Moderli Birds-3,27820.0,/ekaterinburg/product/torsher-moderli-birds-3
Подвесной светильник Телос White,3250.0,/ekaterinburg/product/podvesnoj-svetilnik-telos-white
Спот Лайт-1 Grey,2510.0,/ekaterinburg/product/spot-lajt-1-grey
Спот Лайт-2 White,3350.0,/ekaterinburg/product/spot-lajt-2-white
Бра Элси Black,940.0,/ekaterinburg/product/bra-elsi-black
Люстра Фолс-6 Brown,13430.0,/ekaterinburg/product/lyustra-fols-6-brown
Подвесной светильник Ньютаун-1 Black,12070.0,/ekaterinburg/product/podvesnoj-svetilnik-nyutaun-1-black
Светильник потолочный Элси Black,940.0,/ekaterinburg/product/svetilnik-potolochnyj-elsi-black
Торшер Токио Beige,38740.0,/ekaterinburg/product/torsher-tokio-beige
Подвесной светильник Эффи Grafit,4190.0,/ekaterinburg/product/podvesnoj-svetilnik-effi-grafit
Люстра Пиллар-6 Black,13330.0,/ekaterinburg/product/lyustra-pillar-6-black
Настольная лампа Маннера Beige,7340.0,/ekaterinburg/product/nastolnaya-lampa-mannera-beige
Торшер Moderli Birds-2,24140.0,/ekaterinburg/product/torsher-moderli-birds-2
Подвесной светильник Маро Green-3,26870.0,/ekaterinburg/product/podvesnoj-svetilnik-maro-green-3
Бра Ройл Black,7240.0,/ekaterinburg/product/bra-rojl-black
Ландшафтный светильник Стамбул-2 Black,10600.0,/ekaterinburg/product/landshaftnyj-svetilnik-stambul-2-black
Светильник потолочный Белфаст Black,5980.0,/ekaterinburg/product/svetilnik-potolochnyj-belfast-black
Бра Твинки White,3560.0,/ekaterinburg/product/bra-tvinki-white
Ландшафтный светильник Метрополис-2 Brown,12910.0,/ekaterinburg/product/landshaftnyj-svetilnik-metropolis-2-brown
Торшер Юта Beige,31490.0,/ekaterinburg/product/torsher-yuta-beige
Ландшафтный светильник Стамбул-1 Black,5560.0,/ekaterinburg/product/landshaftnyj-svetilnik-stambul-1-black
Люстра Фаро-5 Black,12910.0,/ekaterinburg/product/lyustra-faro-5-black
Ландшафтный светильник Сирмион Black,11020.0,/ekaterinburg/product/landshaftnyj-svetilnik-sirmion-black
Подвесной светильник Moderli Host-1,5770.0,/ekaterinburg/product/podvesnoj-svetilnik-moderli-host-1
Бра Брик White,3460.0,/ekaterinburg/product/bra-brik-white
Ландшафтный светильник Ройл Black,14170.0,/ekaterinburg/product/landshaftnyj-svetilnik-rojl-black
Бра Атрани Black,3770.0,/ekaterinburg/product/bra-atrani-black
Фонарь Ройл Black,6290.0,/ekaterinburg/product/fonar-rojl-black
Подвесной светильник Narices,11230.0,/ekaterinburg/product/podvesnoj-svetilnik-narices
Люстра Альби-3 Black,5140.0,/ekaterinburg/product/lyustra-albi-3-black
Бра Moderli Birds-2,13960.0,/ekaterinburg/product/bra-moderli-birds-2
Торшер Pinocchio,16900.0,/ekaterinburg/product/torsher-pinocchio
Подвесной светильник Даклин Red,4190.0,/ekaterinburg/product/podvesnoj-svetilnik-daklin-red
Люстра Джеоми White,13750.0,/ekaterinburg/product/lyustra-djeomi-white
Бра Visuale,3040.0,/ekaterinburg/product/bra-visuale
Бра Сфера-1 Black,5030.0,/ekaterinburg/product/bra-sfera-1-black
Подвесной светильник Moderli Brizzi-2,7450.0,/ekaterinburg/product/podvesnoj-svetilnik-moderli-brizzi-2
Ландшафтный светильник Лэндскейп Black,4190.0,/ekaterinburg/product/landshaftnyj-svetilnik-lendskejp-black
Подвесной светильник Эллис-3 Black,5870.0,/ekaterinburg/product/podvesnoj-svetilnik-ellis-3-black
Бра Талли Black,8390.0,/ekaterinburg/product/bra-talli-black
Люстра Лима-5 Black,10600.0,/ekaterinburg/product/lyustra-lima-5-black
Бра Метрополис Brown,6290.0,/ekaterinburg/product/bra-metropolis-brown
Ландшафтный светильник Донатори-2 Black,10390.0,/ekaterinburg/product/landshaftnyj-svetilnik-donatori-2-black
Бра Техно Стрикт-1 Grey,3460.0,/ekaterinburg/product/bra-tehno-strikt-1-grey
Подвесной светильник Минки-1 Black,3140.0,/ekaterinburg/product/podvesnoj-svetilnik-minki-1-black
Бра Техно Стрикт-2 White,1250.0,/ekaterinburg/product/bra-tehno-strikt-2-white
Бра Техно Стрикт-1 Black,3460.0,/ekaterinburg/product/bra-tehno-strikt-1-black
Светильник потолочный Мона Beige-2,16060.0,/ekaterinburg/product/svetilnik-potolochnyj-mona-beige-2
Ландшафтный светильник Хассалех Black,9550.0,/ekaterinburg/product/landshaftnyj-svetilnik-hassaleh-black
Подвесной светильник Нести Black,6500.0,/ekaterinburg/product/podvesnoj-svetilnik-nesti-black
Подвесной светильник Даклин Black,4820.0,/ekaterinburg/product/podvesnoj-svetilnik-daklin-black
Бра Техно-2 Black,3460.0,/ekaterinburg/product/bra-tehno-2-black
Бра Леон Black,2410.0,/ekaterinburg/product/bra-leon-black
Подвесной светильник Мистеро Grey,1360.0,/ekaterinburg/product/podvesnoj-svetilnik-mistero-grey
Светильник потолочный Линг Black,6500.0,/ekaterinburg/product/svetilnik-potolochnyj-ling-black
Настольная лампа Акаси Black,4090.0,/ekaterinburg/product/nastolnaya-lampa-akasi-black
Бра Техно-1 Black,3350.0,/ekaterinburg/product/bra-tehno-1-black
Ландшафтный светильник Белфаст Black,7030.0,/ekaterinburg/product/landshaftnyj-svetilnik-belfast-black
Настольная лампа Moderli Birds-1,9550.0,/ekaterinburg/product/nastolnaya-lampa-moderli-birds-1
Ландшафтный светильник Донатори-1 Black,6710.0,/ekaterinburg/product/landshaftnyj-svetilnik-donatori-1-black
Бра Леон-1 Black,2720.0,/ekaterinburg/product/bra-leon-1-black
Настольная лампа Alba Brown,5870.0,/ekaterinburg/product/nastolnaya-lampa-alba-brown
Бра Caffer Black,3670.0,/ekaterinburg/product/bra-caffer-black
Торшер Ньютаун Black,15950.0,/ekaterinburg/product/torsher-nyutaun-black
Люстра Лорето-10 Black,22460.0,/ekaterinburg/product/lyustra-loreto-10-black
Подвесной светильник Фаро White,5770.0,/ekaterinburg/product/podvesnoj-svetilnik-faro-white
Подвесной светильник Хоул Grey,4090.0,/ekaterinburg/product/podvesnoj-svetilnik-houl-grey
Подвесной светильник Снэки Brown,2830.0,/ekaterinburg/product/podvesnoj-svetilnik-sneki-brown
Люстра Кито-5 Black,8390.0,/ekaterinburg/product/lyustra-kito-5-black
Бра Мостар White,4400.0,/ekaterinburg/product/bra-mostar-white
Спот Лима-2 Black,5450.0,/ekaterinburg/product/spot-lima-2-black
Люстра Лима-5 White,9650.0,/ekaterinburg/product/lyustra-lima-5-white
Бра Белфаст Double,5560.0,/ekaterinburg/product/bra-belfast-double
Бра Lubenham,9230.0,/ekaterinburg/product/bra-lubenham
Подвесной светильник Дейл-3 Brown,8710.0,/ekaterinburg/product/podvesnoj-svetilnik-dejl-3-brown
Светильник потолочный Банджи Black,6610.0,/ekaterinburg/product/svetilnik-potolochnyj-bandji-black
Подвесной светильник Стеллато-1 Wood,9230.0,/ekaterinburg/product/podvesnoj-svetilnik-stellato-1-wood
Бра Лима Black,2510.0,/ekaterinburg/product/bra-lima-black
Торшер Combo,14380.0,/ekaterinburg/product/torsher-combo
Бра Техно Стрикт-2 Black,2410.0,/ekaterinburg/product/bra-tehno-strikt-2-black
Бра Lithops-2 Black,2830.0,/ekaterinburg/product/bra-lithops-2-black
Бра Донатори Black,5870.0,/ekaterinburg/product/bra-donatori-black
Бра Aqua-Bolla,2620.0,/ekaterinburg/product/bra-aqua-bolla
Настольная лампа Moderli Suspent,3350.0,/ekaterinburg/product/nastolnaya-lampa-moderli-suspent
Торшер Moderli Floor White,6290.0,/ekaterinburg/product/torsher-moderli-floor-white
Настольная лампа Белларива Cream,1670.0,/ekaterinburg/product/nastolnaya-lampa-bellariva-cream
Бра Белфаст Single,4300.0,/ekaterinburg/product/bra-belfast-single
Бра Фаро Black,3040.0,/ekaterinburg/product/bra-faro-black
Светильник потолочный Мона Beige-3,26770.0,/ekaterinburg/product/svetilnik-potolochnyj-mona-beige-3
Ландшафтный светильник Белград Black,11540.0,/ekaterinburg/product/landshaftnyj-svetilnik-belgrad-black
Ландшафтный светильник Элси-4 Black,1880.0,/ekaterinburg/product/landshaftnyj-svetilnik-elsi-4-black
Торшер Moderli Suspent,6820.0,/ekaterinburg/product/torsher-moderli-suspent
Светильник потолочный Атрани Black,4720.0,/ekaterinburg/product/svetilnik-potolochnyj-atrani-black
Подвесной светильник Сфера-1 Black,4610.0,/ekaterinburg/product/podvesnoj-svetilnik-sfera-1-black
Бра Техно Стрикт-2 Grey,2410.0,/ekaterinburg/product/bra-tehno-strikt-2-grey
Подвесной светильник Narices-1,31810.0,/ekaterinburg/product/podvesnoj-svetilnik-narices-1
Бра Куб Black,2300.0,/ekaterinburg/product/bra-kub-black
Подвесной светильник Алсагер Grey Felt,10600.0,/ekaterinburg/product/podvesnoj-svetilnik-alsager-grey-felt
Настольная лампа Маннера Grey,7340.0,/ekaterinburg/product/nastolnaya-lampa-mannera-grey
Светильник потолочный Банджи White,8810.0,/ekaterinburg/product/svetilnik-potolochnyj-bandji-white
Подвесной светильник Moderli Lewes,15430.0,/ekaterinburg/product/podvesnoj-svetilnik-moderli-lewes
Подвесной светильник Robinia Gold,10490.0,/ekaterinburg/product/podvesnoj-svetilnik-robinia-gold
Настольная лампа Ньютаун Black,3980.0,/ekaterinburg/product/nastolnaya-lampa-nyutaun-black
Люстра Леон-3 Black,7970.0,/ekaterinburg/product/lyustra-leon-3-black
Бра Cornus White,5560.0,/ekaterinburg/product/bra-cornus-white
Ландшафтный светильник Техно-1 Black,7030.0,/ekaterinburg/product/landshaftnyj-svetilnik-tehno-1-black
Ландшафтный светильник Равелло-1 Black,7340.0,/ekaterinburg/product/landshaftnyj-svetilnik-ravello-1-black
Торшер Токио Grey,29180.0,/ekaterinburg/product/torsher-tokio-black
Бра Равелло Black,6190.0,/ekaterinburg/product/bra-ravello-black
Бра Сирмион Black,8080.0,/ekaterinburg/product/bra-sirmion-black
Подвесной светильник Минки-2 White,2620.0,/ekaterinburg/product/podvesnoj-svetilnik-minki-2-white
Подвесной светильник Талли Black,7550.0,/ekaterinburg/product/podvesnoj-svetilnik-talli-black
Спот Лайт-1 White,2510.0,/ekaterinburg/product/spot-lajt-1-white
Спот Лиманж-2 Black,4720.0,/ekaterinburg/product/spot-limanj-2-black
Настольная лампа Альби White,1670.0,/ekaterinburg/product/nastolnaya-lampa-albi-white
Подвесной светильник Мистеро White,1360.0,/ekaterinburg/product/podvesnoj-svetilnik-mistero-white
Подвесной светильник Полярик Silver,7240.0,/ekaterinburg/product/podvesnoj-svetilnik-polyarik-silver
Ландшафтный светильник Равелло-2 Black,12590.0,/ekaterinburg/product/landshaftnyj-svetilnik-ravello-2-black
Ландшафтный светильник Талли Black,13430.0,/ekaterinburg/product/landshaftnyj-svetilnik-talli-black
Подвесной светильник Нести White,6500.0,/ekaterinburg/product/podvesnoj-svetilnik-nesti-white
Подвесной светильник Гермес Black,5770.0,/ekaterinburg/product/podvesnoj-svetilnik-germes-black
Ландшафтный светильник Элси-1 Black,940.0,/ekaterinburg/product/landshaftnyj-svetilnik-elsi-1-black
Подвесной светильник Снэки-5 Grey,8180.0,/ekaterinburg/product/podvesnoj-svetilnik-sneki-5-grey
Бра Nevy Silver,9130.0,/ekaterinburg/product/bra-nevy-silver
Спот Лима-4 White,9230.0,/ekaterinburg/product/spot-lima-4-white
